{"cameraMode":{"drawMode":0,"name":"Shaded","section":"Shading Mode"},"sceneLighting":true,"audioPlay":false,"sceneViewState":{"m_AlwaysRefresh":false,"showFog":true,"showSkybox":true,"showFlares":true,"showImageEffects":true,"showParticleSystems":true,"showVisualEffectGraphs":true,"m_FxEnabled":true},"in2DMode":false,"pivot":{"x":33.93206787109375,"y":-35.43594741821289,"z":125.2008285522461},"rotation":{"x":0.2350672334432602,"y":-0.013126343488693238,"z":0.0031741575803607704,"w":0.9718851447105408},"size":98.3364486694336,"orthographic":false}